Model 1,15067849,2020-02-05T03:05:59Z,ADAWNV,FZ,2020-02-26T16:47:45Z,1,HK,SUN,1,FZ,GYE,PTY,2020-03-15T18:34:00Z,2020-03-16T00:39:00Z,Y,,1920,1,AALGAARD,,1,1,KIRBY,P,GYE,523,42899814,71,PUA - UNABLE TO UPGRADE DUE OOS STATUS 273PTYGYE,SSR,FQTV,FZ,205067841,Silver,1,SSR,AVMLFZHK1GYEPTY1920Y15MAR-KIRBY/AALGAARD,7,T/TBC/CASH/94809285325/0001/$,AVML,,,9/6/1954,1S,1SAWNV,G-Group
Model 1,15067849,2020-02-05T03:05:59Z,ADAWNV,FZ,2020-02-26T16:47:45Z,1,HK,SUN,1,FZ,DFW,PTY,2020-03-15T18:34:00Z,2020-03-16T00:39:00Z,Y,,1920,1,AALGAARD,,1,1,KIRBY,P,GYE,523,42899814,71,PUA - UNABLE TO UPGRADE DUE OOS STATUS 273PTYGYE,SSR,FQTV,FZ,205067841,Silver,1,SSR,AVMLFZHK1GYEPTY1920Y15MAR-KIRBY/AALGAARD,7,T/TBC/CASH/94809285325/0001/$,AVML,,,9/6/1954,1S,1SAWNV,G-Group
Model 1,15067849,2020-02-05T03:05:59Z,ADAWNV,FZ,2020-02-26T16:47:45Z,1,HK,SUN,1,FZ,SFO,PTY,2020-03-15T18:34:00Z,2020-03-16T00:39:00Z,Y,,1920,1,AALGAARD,,1,1,KIRBY,P,GYE,523,42899814,71,PUA - UNABLE TO UPGRADE DUE OOS STATUS 273PTYGYE,SSR,FQTV,FZ,205067841,Silver,1,SSR,AVMLFZHK1GYEPTY1920Y15MAR-KIRBY/AALGAARD,7,T/TBC/CASH/94809285325/0001/$,AVML,,,9/6/1954,1S,1SAWNV,G-Group
Model 1,15067849,2020-02-05T03:05:59Z,ADAWNV,FZ,2020-02-26T16:47:45Z,1,HK,SUN,1,FZ,MIA,PTY,2020-03-15T18:34:00Z,2020-03-16T00:39:00Z,Y,,1920,1,AALGAARD,,1,1,KIRBY,P,GYE,523,42899814,71,PUA - UNABLE TO UPGRADE DUE OOS STATUS 273PTYGYE,SSR,FQTV,FZ,205067841,Silver,1,SSR,AVMLFZHK1GYEPTY1920Y15MAR-KIRBY/AALGAARD,7,T/TBC/CASH/94809285325/0001/$,AVML,,,9/6/1954,1S,1SAWNV,G-Group
Model 1,15067849,2020-02-05T03:05:59Z,ADAWNV,FZ,2020-02-26T16:47:45Z,1,HK,SUN,1,FZ,PHX,PTY,2020-03-15T18:34:00Z,2020-03-16T00:39:00Z,Y,,1920,1,AALGAARD,,1,1,KIRBY,P,GYE,523,42899814,71,PUA - UNABLE TO UPGRADE DUE OOS STATUS 273PTYGYE,SSR,FQTV,FZ,205067841,Silver,1,SSR,AVMLFZHK1GYEPTY1920Y15MAR-KIRBY/AALGAARD,7,T/TBC/CASH/94809285325/0001/$,AVML,,,9/6/1954,1S,1SAWNV,G-Group
