MODEL,CreateDateTime,BookingReferenceID,LastModified,FlightSegment_RPH,FlightSegment_Status,FlightSegment_DepartureDay,NumberInParty,MarketingAirline,DepartureAirport,ArrivalAirport,DepartureDateTime,ArrivalDateTime,ResBookDesigCode,SeatNumber,FlightNumber,SurnameRefNumber,Surname,SurnamePrefix,TravelerRefNumber_RPH,GivenName,PhoneUseType,LocationCode,AreaCityCode,PhoneNumber,Remark,Email,CustLoyalty_ProgramID,MembershipID,TicketingStatus,TicketAdvisory,SSRCode,BirthDate,BookingReferenceID_Context,BookingReferenceID_ID,PNR_TYPE_CODE,PassengerTypeCode
Model 1,2019-12-21T01:50:25Z,AC9NN7,2020-02-09T22:43:20Z,1,26,TUE,1,FZ,GYE,PTY,2020-06-30T18:34:00,2020-07-01T00:39:00,Y,,1920,1,AALGAARD,,1,KIRBY,4,GYE,523,42840297,PUA - UNABLE TO UPGRADE DUE OOS STATUS 273PTYGYE,kirby.aalgaard@test.com,FZ,205008722,7,T/TBC/CASH/94809285325/0001/$,AVML,6/25/1996,1S,1S9NN7,G-Group,ADT
Model 1,2019-12-21T01:50:25Z,AC9NN7,2020-02-09T22:43:20Z,2,26,MON,1,FZ,PTY,LAX,2020-06-29T21:34:00,2020-06-29T23:39:00,Y,,1921,1,AALGAARD,,1,KIRBY,4,PTY,523,42840297,PUA - UNABLE TO UPGRADE DUE OOS STATUS 273PTYGYE,kirby.aalgaard@test.com,FZ,205008722,7,T/TBC/CASH/94809285325/0001/$,AVML,6/25/1996,1S,1S9NN7,G-Group,ADT
Model 1,2019-12-21T01:50:25Z,AC9NN7,2020-02-09T22:43:20Z,3,26,MON,1,FZ,LAX,SFO,2020-06-29T03:03:00,2020-06-29T05:03:00,Y,,154,1,AALGAARD,,1,KIRBY,4,LAX,523,42840297,PUA - UNABLE TO UPGRADE DUE OOS STATUS 273PTYGYE,kirby.aalgaard@test.com,FZ,205008722,7,T/TBC/CASH/94809285325/0001/$,AVML,6/25/1996,1S,1S9NN7,G-Group,ADT
Model 1,2020-01-18T04:46:14Z,AC9NN8,2020-03-19T15:39:24Z,1,26,TUE,1,FZ,GYE,PTY,2020-06-30T18:34:00,2020-07-01T00:39:00,Y,,1920,1,AAR,,1,MARTINEZ,4,GYE,523,42840298,PUA - UNABLE TO UPGRADE DUE OOS STATUS 273PTYGYE,martinez.aar@test.com,FZ,205008723,7,T/TBC/CASH/94809285325/0001/$,AVML,11/17/1957,1S,1S9NN8,G-Group,ADT
Model 1,2020-01-18T04:46:14Z,AC9NN8,2020-03-19T15:39:24Z,2,26,MON,1,FZ,PTY,LAX,2020-06-29T21:34:00,2020-06-29T23:39:00,Y,,1921,1,AAR,,1,MARTINEZ,4,PTY,523,42840298,PUA - UNABLE TO UPGRADE DUE OOS STATUS 273PTYGYE,martinez.aar@test.com,FZ,205008723,7,T/TBC/CASH/94809285325/0001/$,AVML,11/17/1957,1S,1S9NN8,G-Group,ADT
Model 1,2020-01-18T04:46:14Z,AC9NN8,2020-03-19T15:39:24Z,3,26,MON,1,FZ,LAX,SFO,2020-06-29T03:03:00,2020-06-29T05:03:00,Y,,154,1,AAR,,1,MARTINEZ,4,LAX,523,42840298,PUA - UNABLE TO UPGRADE DUE OOS STATUS 273PTYGYE,martinez.aar@test.com,FZ,205008723,7,T/TBC/CASH/94809285325/0001/$,AVML,11/17/1957,1S,1S9NN8,G-Group,ADT
Model 1,2019-07-29T01:00:32Z,AC9NN9,2020-06-08T19:03:02Z,1,26,TUE,1,FZ,GYE,PTY,2020-06-30T18:34:00,2020-07-01T00:39:00,Y,,1920,1,AARO,,1,ROYTMAN,4,GYE,523,42840299,PUA - UNABLE TO UPGRADE DUE OOS STATUS 273PTYGYE,roytman.aaro@test.com,FZ,205008724,7,T/TBC/CASH/94809285325/0001/$,AVML,9/25/1973,1S,1S9NN9,G-Group,ADT
Model 1,2019-07-29T01:00:32Z,AC9NN9,2020-06-08T19:03:02Z,2,26,MON,1,FZ,PTY,LAX,2020-06-29T21:34:00,2020-06-29T23:39:00,Y,,1921,1,AARO,,1,ROYTMAN,4,PTY,523,42840299,PUA - UNABLE TO UPGRADE DUE OOS STATUS 273PTYGYE,roytman.aaro@test.com,FZ,205008724,7,T/TBC/CASH/94809285325/0001/$,AVML,9/25/1973,1S,1S9NN9,G-Group,ADT
Model 1,2019-07-29T01:00:32Z,AC9NN9,2020-06-08T19:03:02Z,3,26,MON,1,FZ,LAX,SFO,2020-06-29T03:03:00,2020-06-29T05:03:00,Y,,154,1,AARO,,1,ROYTMAN,4,LAX,523,42840299,PUA - UNABLE TO UPGRADE DUE OOS STATUS 273PTYGYE,roytman.aaro@test.com,FZ,205008724,7,T/TBC/CASH/94809285325/0001/$,AVML,9/25/1973,1S,1S9NN9,G-Group,ADT
Model 1,2020-01-25T00:13:51Z,AC9NOA,2020-06-21T12:15:06Z,1,26,TUE,1,FZ,GYE,PTY,2020-06-30T18:34:00,2020-07-01T00:39:00,Y,,1920,1,AARON,,1,ALCALA,4,GYE,523,42840300,PUA - UNABLE TO UPGRADE DUE OOS STATUS 273PTYGYE,alcala.aaron@test.com,FZ,205008725,7,T/TBC/CASH/94809285325/0001/$,AVML,3/26/1991,1S,1S9NOA,G-Group,ADT
Model 1,2020-01-25T00:13:51Z,AC9NOA,2020-06-21T12:15:06Z,2,26,MON,1,FZ,PTY,LAX,2020-06-29T21:34:00,2020-06-29T23:39:00,Y,,1921,1,AARON,,1,ALCALA,4,PTY,523,42840300,PUA - UNABLE TO UPGRADE DUE OOS STATUS 273PTYGYE,alcala.aaron@test.com,FZ,205008725,7,T/TBC/CASH/94809285325/0001/$,AVML,3/26/1991,1S,1S9NOA,G-Group,ADT
Model 1,2020-01-25T00:13:51Z,AC9NOA,2020-06-21T12:15:06Z,3,26,MON,1,FZ,LAX,SFO,2020-06-29T03:03:00,2020-06-29T05:03:00,Y,,154,1,AARON,,1,ALCALA,4,LAX,523,42840300,PUA - UNABLE TO UPGRADE DUE OOS STATUS 273PTYGYE,alcala.aaron@test.com,FZ,205008725,7,T/TBC/CASH/94809285325/0001/$,AVML,3/26/1991,1S,1S9NOA,G-Group,ADT
Model 1,2019-07-24T17:59:11Z,AC9NOB,2020-04-22T05:07:17Z,1,26,TUE,1,FZ,GYE,PTY,2020-06-30T18:34:00,2020-07-01T00:39:00,Y,,1920,1,AARON,,1,BIRD,4,GYE,523,42840301,PUA - UNABLE TO UPGRADE DUE OOS STATUS 273PTYGYE,bird.aaron@test.com,FZ,205008726,7,T/TBC/CASH/94809285325/0001/$,AVML,12/4/2007,1S,1S9NOB,G-Group,ADT
Model 1,2019-07-24T17:59:11Z,AC9NOB,2020-04-22T05:07:17Z,2,26,MON,1,FZ,PTY,LAX,2020-06-29T21:34:00,2020-06-29T23:39:00,Y,,1921,1,AARON,,1,BIRD,4,PTY,523,42840301,PUA - UNABLE TO UPGRADE DUE OOS STATUS 273PTYGYE,bird.aaron@test.com,FZ,205008726,7,T/TBC/CASH/94809285325/0001/$,AVML,12/4/2007,1S,1S9NOB,G-Group,ADT
Model 1,2019-07-24T17:59:11Z,AC9NOB,2020-04-22T05:07:17Z,3,26,MON,1,FZ,LAX,SFO,2020-06-29T03:03:00,2020-06-29T05:03:00,Y,,154,1,AARON,,1,BIRD,4,LAX,523,42840301,PUA - UNABLE TO UPGRADE DUE OOS STATUS 273PTYGYE,bird.aaron@test.com,FZ,205008726,7,T/TBC/CASH/94809285325/0001/$,AVML,12/4/2007,1S,1S9NOB,G-Group,ADT
Model 1,2020-05-01T00:56:17Z,AC9NOC,2020-06-03T16:34:51Z,1,26,TUE,1,FZ,GYE,PTY,2020-06-30T18:34:00,2020-07-01T00:39:00,Y,,1920,1,AARON,,1,CORNELL,4,GYE,523,42840302,PUA - UNABLE TO UPGRADE DUE OOS STATUS 273PTYGYE,cornell.aaron@test.com,FZ,205008727,7,T/TBC/CASH/94809285325/0001/$,AVML,12/7/1956,1S,1S9NOC,G-Group,ADT
Model 1,2020-05-01T00:56:17Z,AC9NOC,2020-06-03T16:34:51Z,2,26,MON,1,FZ,PTY,LAX,2020-06-29T21:34:00,2020-06-29T23:39:00,Y,,1921,1,AARON,,1,CORNELL,4,PTY,523,42840302,PUA - UNABLE TO UPGRADE DUE OOS STATUS 273PTYGYE,cornell.aaron@test.com,FZ,205008727,7,T/TBC/CASH/94809285325/0001/$,AVML,12/7/1956,1S,1S9NOC,G-Group,ADT
Model 1,2020-05-01T00:56:17Z,AC9NOC,2020-06-03T16:34:51Z,3,26,MON,1,FZ,LAX,SFO,2020-06-29T03:03:00,2020-06-29T05:03:00,Y,,154,1,AARON,,1,CORNELL,4,LAX,523,42840302,PUA - UNABLE TO UPGRADE DUE OOS STATUS 273PTYGYE,cornell.aaron@test.com,FZ,205008727,7,T/TBC/CASH/94809285325/0001/$,AVML,12/7/1956,1S,1S9NOC,G-Group,ADT
Model 1,2020-05-13T08:33:50Z,AC9NOD,2020-05-29T15:52:47Z,1,26,TUE,1,FZ,GYE,PTY,2020-06-30T18:34:00,2020-07-01T00:39:00,Y,,1920,1,AARON,,1,LARREATEGUI,4,GYE,523,42840303,PUA - UNABLE TO UPGRADE DUE OOS STATUS 273PTYGYE,larreategui.aaron@test.com,FZ,205008728,7,T/TBC/CASH/94809285325/0001/$,AVML,5/31/1994,1S,1S9NOD,G-Group,ADT
Model 1,2020-05-13T08:33:50Z,AC9NOD,2020-05-29T15:52:47Z,2,26,MON,1,FZ,PTY,LAX,2020-06-29T21:34:00,2020-06-29T23:39:00,Y,,1921,1,AARON,,1,LARREATEGUI,4,PTY,523,42840303,PUA - UNABLE TO UPGRADE DUE OOS STATUS 273PTYGYE,larreategui.aaron@test.com,FZ,205008728,7,T/TBC/CASH/94809285325/0001/$,AVML,5/31/1994,1S,1S9NOD,G-Group,ADT
